[
{"bumen":"图书馆","stats":"1","id":"t1","bianhao":"201702354","jingbanren":"王丽丽","shenpijieguo":"已完成","fabushijian":"2017-03-06 17:44:22","jieshushijian":"2017-03-06 17:45:22"},
{"bumen":"资产管理处","stats":"1","id":"t2","bianhao":"201702354","jingbanren":"张三","shenpijieguo":"已完成","fabushijian":"2017-03-06 17:44:22","jieshushijian":"2017-03-06 17:45:22"},
{"bumen":"体育教学部","stats":"1","id":"t3","bianhao":"201702354","jingbanren":"李四","shenpijieguo":"已完成","fabushijian":"2017-03-06 17:44:22","jieshushijian":"2017-03-06 17:45:22"},
{"bumen":"团委","stats":"1","id":"t4","bianhao":"201702354","jingbanren":"王五","shenpijieguo":"已完成","fabushijian":"2017-03-06 17:44:22","jieshushijian":"2017-03-06 17:45:22"},
{"bumen":"计财处","stats":"0","id":"t5","bianhao":"201702354","jingbanren":"无","shenpijieguo":"未完成","fabushijian":"无","jieshushijian":"无"},
{"bumen":"学院","stats":"0","id":"t6","bianhao":"201702354","jingbanren":"无","shenpijieguo":"未完成","fabushijian":"无","jieshushijian":"无"}
]
